Item_No,Title,Number available
1001,The man who Knew Infinity,3
1002,The legend of Tarzan,3
1003,Nerve,2
1010,I am Bolt,5
1012,The Nice Guys,7
1015,The Godfather,4
1027,The Bureau Season 1,5
1028,The Sellout,8
1032,Blackadder,8
1037,Game of Thornes Season 6,9
1042,Guinness World Records 2017,10
1078,The Night Manager,7
1109,The Mistletoe Murder and Other Stories,6
1214,Elementary,8
1217,Million Reasons,8
1305,Classic House,5
1328,Piano Man,9
1329,Bon Jovi Greatest Hits,10
1338,Fifa Mobile Football,10
1342,Dawn of Titans,10
